﻿<parameters>
  <parameter name="IIS Web Application Name" defaultValue="PatientManagementSystem" tags="IisApp">
    <parameterEntry kind="ProviderPath" scope="IisApp" match="^C:\\Users\\Carolyn\\Documents\\Visual\ Studio\ 2015\\Projects\\PatientManagementSystem\\PatientManagementSystem\\obj\\Release\\Package\\PackageTmp$" />
    <parameterEntry kind="ProviderPath" scope="setAcl" match="^C:\\Users\\Carolyn\\Documents\\Visual\ Studio\ 2015\\Projects\\PatientManagementSystem\\PatientManagementSystem\\obj\\Release\\Package\\PackageTmp$" />
  </parameter>
  <parameter name="Add write permission to App_Data Folder" description="Add write permission to App_Data folder" defaultValue="{IIS Web Application Name}/App_Data" tags="Hidden">
    <parameterEntry kind="ProviderPath" scope="setAcl" match="^C:\\Users\\Carolyn\\Documents\\Visual\ Studio\ 2015\\Projects\\PatientManagementSystem\\PatientManagementSystem\\obj\\Release\\Package\\PackageTmp\\App_Data$" />
  </parameter>
  <parameter name="DefaultConnection-Web.config Connection String" defaultValue="Data Source=(LocalDB)\MSSQLLocalDB;Integrated Security=True">
    <parameterEntry kind="XmlFile" scope="C:\\Users\\Carolyn\\Documents\\Visual\ Studio\ 2015\\Projects\\PatientManagementSystem\\PatientManagementSystem\\obj\\Release\\Package\\PackageTmp\\Web\.config$" match="/configuration/connectionStrings/add[@name='DefaultConnection']/@connectionString" />
  </parameter>
  <parameter name="PatientContext-Web.config Connection String" defaultValue="Data Source=(LocalDB)\MSSQLLocalDB;AttachDbFilename=&quot;C:\Users\Carolyn\Documents\Visual Studio 2015\Projects\PatientManagementSystem\PatientManagementSystem\App_Data\PatientManagementSystem.mdf&quot;;Initial Catalog=PatientManagementSystem.mdf;Integrated Security=True">
    <parameterEntry kind="XmlFile" scope="C:\\Users\\Carolyn\\Documents\\Visual\ Studio\ 2015\\Projects\\PatientManagementSystem\\PatientManagementSystem\\obj\\Release\\Package\\PackageTmp\\Web\.config$" match="/configuration/connectionStrings/add[@name='PatientContext']/@connectionString" />
  </parameter>
</parameters>